Id,FirstName,LastName,Email,Title,Street,City,State,PostalCode,AnnualRevenue,Industry,LeadSource,NumberOfEmployees
1,Loydie,Fellenor,lfellenor0@go.com,"Strategy of the Snail, The (Estrategia del Caracol, La)",10084 Forest Court,Donglu,,,1626913,Investment Bankers/Brokers/Service,Teal,80
2,Ivan,Seabon,iseabon1@examiner.com,On_Line (a.k.a. On Line),4 Kipling Junction,Shimo-furano,,639-2332,7043980,Savings Institutions,Green,71
3,Brita,Axcell,baxcell2@fotki.com,Cemetery Junction,4720 Dennis Court,Tumu’ertai,,,4505947,Professional Services,Khaki,83
4,Marylou,Cosser,mcosser3@uiuc.edu,Lupin III: Sweet Lost Night (Rupan Sansei: Sweet Lost Night),24301 Magdeline Place,Trollhättan,O,461 25,6738926,Major Chemicals,Goldenrod,18
5,Constantia,Tilio,ctilio4@disqus.com,The Wind in the Willows,67 Nova Point,Anjie,,,6860935,Biotechnology: Biological Products (No Diagnostic Substances),Purple,56
6,Giulietta,Ramelet,gramelet5@nydailynews.com,Couples Retreat,725 Mccormick Lane,Vacaria,,95200-000,6302592,n/a,Turquoise,32
7,Thorpe,Andrews,tandrews6@wsj.com,Johnson Family Vacation,3937 Judy Point,Taounate,,,5328228,n/a,Pink,67
8,Sherlocke,Ledbury,sledbury7@mapy.cz,"Princess Blade, The (Shura Yukihime)",54 Texas Pass,Oued Laou,,,3680528,Major Banks,Turquoise,98
9,Hallie,Carnow,hcarnow8@amazon.com,Johnny Guitar,8543 Autumn Leaf Terrace,Pokrov,,601120,2214649,Major Banks,Indigo,31
10,Verene,Gudyer,vgudyer9@youtube.com,My Life Without Me,1129 School Circle,Huangmu,,,6657639,Major Banks,Indigo,88
11,Karlyn,Scawen,kscawena@dyndns.org,"Art of Flight, The",90 Springs Center,Cheyenne,WY,82007,292421,Metal Fabrications,Teal,20
12,Gale,Theaker,gtheakerb@washington.edu,Summer Interlude (Sommarlek),915 Bunting Alley,Sahavato,,,3704148,Television Services,Violet,93
13,Gisela,Soppitt,gsoppittc@apple.com,Mid-August Lunch (Pranzo di ferragosto),263 Cherokee Terrace,Tallbīsah,,,4799798,Consumer Electronics/Appliances,Indigo,98
14,Deina,Titheridge,dtitheridged@slideshare.net,The Detective 2,19 Sullivan Road,Añelo,,8305,6671201,n/a,Green,13
15,Leia,Castagne,lcastagnee@deviantart.com,Oyster Farmer,9467 Pawling Park,Wyszków,,07-202,980752,EDP Services,Teal,42
16,Elsa,Rohmer,erohmerf@ox.ac.uk,Vibrator,2 Center Point,Suicheng,,,1730967,n/a,Green,15
17,Alwin,Warsop,awarsopg@nationalgeographic.com,"Wildcat, The (Die Bergkatze)",9 Erie Alley,La Cruz,,51001,1488319,Telecommunications Equipment,Green,68
18,Yank,Hawkridge,yhawkridgeh@1688.com,Grill Point (Halbe Treppe),969 Gina Alley,Kitakata,,987-0513,6971896,Homebuilding,Aquamarine,86
19,Heidi,Treasure,htreasurei@army.mil,Hangman's House,827 Dixon Road,Khombole,,,6861531,n/a,Pink,46
20,Phyllida,Shires,pshiresj@dailymail.co.uk,Beer League,2 Oak Valley Point,Waerana,,,2917989,Computer Software: Prepackaged Software,Indigo,58
21,Felic,Keslake,fkeslakek@youku.com,"Patsy, The",02629 Harper Crossing,Montenegro,,633008,132847,Major Pharmaceuticals,Indigo,98
22,Paule,Enden,pendenl@liveinternet.ru,"Single Shot, A",51881 Bobwhite Parkway,Nybro,H,382 43,3491982,Finance: Consumer Services,Red,49
23,Del,Putton,dputtonm@upenn.edu,Absolute Power,88928 Forest Run Point,Pecatu,,,1036961,Apparel,Yellow,90
24,Brigham,Roxburgh,broxburghn@moonfruit.com,Death Becomes Her,52427 Declaration Place,Prosyana,,,9777123,n/a,Pink,81
25,Fifi,Ransbury,fransburyo@examiner.com,Boomerang,820 Main Point,Alexandria,LA,71307,1267334,Industrial Specialties,Mauv,96
26,Mellicent,Eyree,meyreep@reddit.com,"Like Sunday, Like Rain",30963 Monica Drive,Antsohihy,,,7816263,Metal Fabrications,Green,2
27,Gay,Gigg,ggiggq@seattletimes.com,When the Levees Broke: A Requiem in Four Acts,5886 1st Circle,Bragança,,68600-000,5490495,Oil & Gas Production,Puce,80
28,Morgen,Ranfield,mranfieldr@netscape.com,Fine-Tune,1937 Graedel Pass,Kadoma,,571-0050,9695555,n/a,Aquamarine,6
29,Fedora,Darridon,fdarridons@blogtalkradio.com,Giorgino,05 Bayside Drive,Isakly,,446587,5835374,Semiconductors,Yellow,80
30,Linnell,Raulstone,lraulstonet@google.it,"Barber of Siberia, The (Sibirskij tsiryulnik)",15806 Moulton Hill,Fengting,,,1279149,n/a,Turquoise,11
31,Cherry,Forker,cforkeru@flavors.me,Hardcore,94 Walton Crossing,Horodnytsya,,,3805335,Medical Specialities,Purple,55
32,Kenyon,Lade,kladev@washingtonpost.com,"Guard Post, The (G.P. 506)",936 Kinsman Place,Brea Pozo,,4313,519451,RETAIL: Building Materials,Turquoise,11
33,Sydelle,Blues,sbluesw@bizjournals.com,Against the Dark,7 Badeau Circle,Camacha,31,9135-054,8918295,Business Services,Indigo,15
34,Lisa,Tomasi,ltomasix@yale.edu,"Little Romance, A",3 Kropf Pass,Göteborg,O,418 72,4108049,Computer Software: Prepackaged Software,Purple,56
35,Sanders,Novotna,snovotnay@trellian.com,"Seagull's Laughter, The (Mávahlátur)",89165 Birchwood Drive,Djibo,,,4982880,Hospital/Nursing Management,Purple,83
36,Tris,Spenceley,tspenceleyz@cdbaby.com,Captive (Cautiva) ,1 Northland Crossing,Al Ma‘baţlī,,,2064086,Real Estate Investment Trusts,Purple,9
37,Meagan,Haversham,mhaversham10@hibu.com,Nighthawks,948 Oriole Center,Mirny,,678179,854553,Biotechnology: Biological Products (No Diagnostic Substances),Yellow,70
38,Remus,Pele,rpele11@netscape.com,"Climax, The",58750 Hooker Way,Tønsberg,7,3119,3278899,Real Estate Investment Trusts,Violet,68
39,Laural,Minchinton,lminchinton12@umn.edu,"Bikini Carwash Company, The",9938 Grayhawk Street,Camgyai,,,9767695,Computer Software: Prepackaged Software,Goldenrod,13
40,Beverie,Sneezem,bsneezem13@weather.com,Jalla! Jalla!,1 Portage Center,Tunggaoen Timur,,,7739772,n/a,Blue,28
41,Lara,Venners,lvenners14@sakura.ne.jp,Frisco Jenny,77249 Pine View Alley,Quebracho,,,9287375,Commercial Banks,Purple,54
42,Pippy,Treswell,ptreswell15@ibm.com,Bellissima,446 Dawn Lane,les Escaldes,,AD600,1326271,Computer Software: Prepackaged Software,Red,41
43,Alyse,Crocetto,acrocetto16@163.com,Up in the Wind,29471 Esker Trail,Augusta,GA,30905,339118,Engineering & Construction,Maroon,44
44,Kirbee,Naris,knaris17@webnode.com,Von Ryan's Express,70 Stephen Way,Yushan,,,56497,Biotechnology: Biological Products (No Diagnostic Substances),Violet,5
45,Louie,Snowdon,lsnowdon18@mayoclinic.com,English Vinglish,0 Kings Terrace,Mosopa,,,7269657,n/a,Orange,90
46,Jacky,Wenderoth,jwenderoth19@netvibes.com,Secrets,5 Charing Cross Crossing,Nine,3,4775-446,2854148,Finance: Consumer Services,Green,35
47,Colly,Brito,cbrito1a@skyrock.com,Split Second,21080 Mockingbird Court,Santiago De Compostela,GA,15899,7605272,Professional Services,Aquamarine,73
48,Julianna,Letterick,jletterick1b@taobao.com,Sergeant Rutledge,16 Badeau Point,Unecha,,243302,6184067,Professional Services,Violet,51
49,Forrest,Skehan,fskehan1c@mayoclinic.com,Arthur 2: On the Rocks,13973 Dixon Hill,Probolinggo,,,5481064,Major Banks,Crimson,33
50,Claresta,Kepp,ckepp1d@smh.com.au,Harold & Kumar Escape from Guantanamo Bay,178 Charing Cross Trail,Jiaoxiyakou,,,736840,Diversified Commercial Services,Indigo,59
51,Jobie,Tyrie,jtyrie1e@irs.gov,Bush Mama,4 Monica Point,Kobiernice,,43-356,3599983,Farming/Seeds/Milling,Yellow,81
52,Lorens,Freegard,lfreegard1f@nhs.uk,Dante's Inferno,02 Blue Bill Park Lane,Macheke,,,1040733,Commercial Banks,Green,26
53,Maighdiln,Tidball,mtidball1g@symantec.com,Salesman,736 Killdeer Plaza,Qarah  od Dn,,,9188179,n/a,Mauv,7
54,Murdoch,Jodlowski,mjodlowski1h@wikispaces.com,The Inspector,51 Daystar Center,Pajić Polje,,,8821685,Major Chemicals,Yellow,4
55,Samuele,Schimon,sschimon1i@weibo.com,Left Behind: World at War,80955 Algoma Point,Castelli,,7114,2287002,Marine Transportation,Green,38
56,Carolus,Pinkard,cpinkard1j@paypal.com,"Guns of Fort Petticoat, The",069 Northfield Alley,Vân Tùng,,,6202951,Investment Managers,Mauv,62
57,Ardra,Masdon,amasdon1k@usatoday.com,"Muppet Family Christmas, A",63814 Moose Court,Primero de Enero,,,5515754,n/a,Turquoise,14
58,Abe,Saile,asaile1l@odnoklassniki.ru,Trance,6 Onsgard Drive,Konotop,,,5800257,n/a,Indigo,3
59,Magda,Killford,mkillford1m@angelfire.com,Inspector Palmu's Error (Komisario Palmun erehdys),78 Kim Road,Quiches,,,2223137,Steel/Iron Ore,Turquoise,51
60,Gerti,Warratt,gwarratt1n@cocolog-nifty.com,"Violent Men, The",09 Hoepker Alley,Sakerta Timur,,,5003195,Apparel,Teal,29
61,Bobbie,Wincer,bwincer1o@technorati.com,Monster's Ball,44 Pepper Wood Hill,Esposende,3,4740-010,2600019,Computer Software: Prepackaged Software,Crimson,75
62,Romona,Pirkis,rpirkis1p@jalbum.net,"Bloody Child, The",48 Derek Road,Chulabhorn,,58120,9595355,n/a,Green,88
63,Hannie,Rowlstone,hrowlstone1q@goo.ne.jp,Frost/Nixon,1107 Nelson Way,Quellouno,,,1628112,Major Pharmaceuticals,Puce,71
64,Sigmund,Whetton,swhetton1r@symantec.com,Jungle de Ikou (Jungre de Ikou),37033 Arkansas Terrace,Qianguo,,,6939154,Telecommunications Equipment,Fuscia,93
65,Angeli,Berth,aberth1s@tinypic.com,Hollywood Canteen,229 Kensington Point,Vanadzor,,,4047239,Major Pharmaceuticals,Turquoise,49
66,Marius,Inchbald,minchbald1t@bloglovin.com,Can't Help Singing,62950 Colorado Pass,Navatat,,905,1525410,Movies/Entertainment,Indigo,36
67,Korney,Falconer-Taylor,kfalconertaylor1u@hostgator.com,My Letter to George (Mesmerized),8898 Eastlawn Hill,Göteborg,O,411 10,6614938,Other Transportation,Teal,86
68,Janela,Caveill,jcaveill1v@i2i.jp,Running on Empty,753 Bunker Hill Way,Makiwalo,,1743,1965902,Medical/Dental Instruments,Turquoise,74
69,Gabie,Calderonello,gcalderonello1w@ihg.com,"Night at the Opera, A",8 Rowland Junction,Santo Domingo Este,,11806,8173673,n/a,Maroon,97
70,Auguste,Rizon,arizon1x@pcworld.com,No Greater Love,9 Shasta Point,Fenyan,,,271322,Computer Software: Prepackaged Software,Yellow,16
71,Jeremiah,Madelin,jmadelin1y@feedburner.com,Stay as You Are,3 Hooker Drive,Marsh Harbour,,,6491320,Military/Government/Technical,Orange,45
72,Nollie,McLaine,nmclaine1z@ask.com,"Hobbit: The Desolation of Smaug, The",45636 Swallow Drive,Hisor,,,9355664,Electric Utilities: Central,Indigo,61
73,Lorne,Fairbrother,lfairbrother20@posterous.com,Good Guys Wear Black,25095 Merchant Plaza,Qingxi,,,7908309,n/a,Aquamarine,51
74,Meta,Leither,mleither21@phoca.cz,New Jack City,7 Debra Circle,Pontarlier,A6,25304 CEDEX,7378906,Computer Software: Prepackaged Software,Turquoise,32
75,Ingaborg,Stirtle,istirtle22@cargocollective.com,Salla: Selling the Silence,6 Fair Oaks Place,Kremidivka,,,2686271,Major Pharmaceuticals,Goldenrod,64
76,Pennie,Girvin,pgirvin23@wikia.com,Gantz,99 Spaight Place,Kebon,,,3804669,n/a,Green,38
77,Claudio,Jelk,cjelk24@aol.com,Gunless,33 Lindbergh Trail,Torre,13,4605-169,5371939,Major Pharmaceuticals,Green,6
78,Cornie,Biford,cbiford25@noaa.gov,Summer and Smoke,48 Del Mar Pass,Kroonstad,,9505,2137176,Restaurants,Turquoise,77
79,Cristine,Stallybrass,cstallybrass26@nih.gov,Consuming Kids: The Commercialization of Childhood,5283 Orin Pass,San Jose,,8427,5446534,n/a,Green,37
80,Olympe,Worledge,oworledge27@flickr.com,Chaos Theory,523 Washington Avenue,Rejasa Kaja,,,3492768,n/a,Pink,7
81,Raymond,Treby,rtreby28@wisc.edu,Generation Iron,897 Hanson Hill,Miskindzha,,368757,9726729,Home Furnishings,Red,33
82,Wayland,Crockley,wcrockley29@prweb.com,Björk at the Royal Opera House,548 Tennessee Hill,Waso,,,3775865,Major Pharmaceuticals,Purple,75